player,rank,points,url_perfil
C. Alcaraz,1,13550,https://www.atptour.com/en/players/carlos-alcaraz/a0e2/overview
J. Sinner,2,10400,https://www.atptour.com/en/players/jannik-sinner/s0ag/overview
N. Djokovic,3,5280,https://www.atptour.com/en/players/novak-djokovic/d643/overview
A. Zverev,4,4555,https://www.atptour.com/en/players/alexander-zverev/z355/overview
L. Musetti,5,4405,https://www.atptour.com/en/players/lorenzo-musetti/m0ej/overview
A. de Minaur,6,4235,https://www.atptour.com/en/players/alex-de-minaur/dh58/overview
T. Fritz,7,4220,https://www.atptour.com/en/players/taylor-fritz/fb98/overview
F. Auger-Aliassime,8,4080,https://www.atptour.com/en/players/felix-auger-aliassime/ag37/overview
B. Shelton,9,4050,https://www.atptour.com/en/players/ben-shelton/s0s1/overview
A. Bublik,10,3405,https://www.atptour.com/en/players/alexander-bublik/bk92/overview
D. Medvedev,11,2960,https://www.atptour.com/en/players/daniil-medvedev/mm58/overview
C. Ruud,12,2665,https://www.atptour.com/en/players/casper-ruud/rh16/overview
J. Mensik,13,2595,https://www.atptour.com/en/players/jakub-mensik/m0ni/overview
A. Davidovich Fokina,14,2470,https://www.atptour.com/en/players/alejandro-davidovich-fokina/dh50/overview
J. Draper,15,2460,https://www.atptour.com/en/players/jack-draper/d0co/overview
K. Khachanov,16,2450,https://www.atptour.com/en/players/karen-khachanov/ke29/overview
H. Rune,17,2340,https://www.atptour.com/en/players/holger-rune/r0dg/overview
A. Rublev,18,2210,https://www.atptour.com/en/players/andrey-rublev/re44/overview
F. Cerundolo,19,2170,https://www.atptour.com/en/players/francisco-cerundolo/c0au/overview
F. Cobolli,20,2030,https://www.atptour.com/en/players/flavio-cobolli/c0e9/overview
L. Darderi,21,1904,https://www.atptour.com/en/players/luciano-darderi/d0fj/overview
T. Paul,22,1815,https://www.atptour.com/en/players/tommy-paul/pl56/overview
L. Tien,23,1785,https://www.atptour.com/en/players/learner-tien/t0ha/overview
J. Lehecka,24,1760,https://www.atptour.com/en/players/jiri-lehecka/l0bv/overview
T. Griekspoor,25,1655,https://www.atptour.com/en/players/tallon-griekspoor/gj37/overview
C. Norrie,26,1603,https://www.atptour.com/en/players/cameron-norrie/n771/overview
V. Vacherot,27,1591,https://www.atptour.com/en/players/valentin-vacherot/va25/overview
F. Tiafoe,28,1590,https://www.atptour.com/en/players/frances-tiafoe/td51/overview
B. Nakashima,29,1535,https://www.atptour.com/en/players/brandon-nakashima/n0ae/overview
S. Tsitsipas,30,1535,https://www.atptour.com/en/players/stefanos-tsitsipas/te51/overview
A. Rinderknech,31,1530,https://www.atptour.com/en/players/arthur-rinderknech/rc91/overview
T. Machac,32,1510,https://www.atptour.com/en/players/tomas-machac/m0fh/overview
T. Etcheverry,33,1470,https://www.atptour.com/en/players/tomas-martin-etcheverry/ea24/overview
A. Fils,34,1440,https://www.atptour.com/en/players/arthur-fils/f0f1/overview
C. Moutet,35,1383,https://www.atptour.com/en/players/corentin-moutet/mw02/overview
D. Shapovalov,36,1350,https://www.atptour.com/en/players/denis-shapovalov/su55/overview
U. Humbert,37,1285,https://www.atptour.com/en/players/ugo-humbert/hh26/overview
J. Fonseca,38,1240,https://www.atptour.com/en/players/joao-fonseca/f0fv/overview
J. Munar,39,1235,https://www.atptour.com/en/players/jaume-munar/mu94/overview
S. Korda,40,1220,https://www.atptour.com/en/players/sebastian-korda/k0ah/overview
G. Diallo,41,1175,https://www.atptour.com/en/players/gabriel-diallo/d0f6/overview
A. Tabilo,42,1113,https://www.atptour.com/en/players/alejandro-tabilo/te30/overview
A. Michelsen,43,1110,https://www.atptour.com/en/players/alex-michelsen/m0qi/overview
G. Dimitrov,44,1105,https://www.atptour.com/en/players/grigor-dimitrov/d875/overview
M. Cilic,45,1090,https://www.atptour.com/en/players/marin-cilic/c977/overview
Z. Bergs,46,1080,https://www.atptour.com/en/players/zizou-bergs/bu13/overview
A. Popyrin,47,1050,https://www.atptour.com/en/players/alexei-popyrin/p09z/overview
N. Borges,48,1045,https://www.atptour.com/en/players/nuno-borges/bt72/overview
J. Brooksby,49,1042,https://www.atptour.com/en/players/jenson-brooksby/b0cd/overview
F. Marozsan,50,1040,https://www.atptour.com/en/players/fabian-marozsan/m0ci/overview
A. Mannarino,51,1025,https://www.atptour.com/en/players/adrian-mannarino/me82/overview
S. Baez,52,1005,https://www.atptour.com/en/players/sebastian-baez/b0bi/overview
D. Altmaier,53,961,https://www.atptour.com/en/players/daniel-altmaier/ae14/overview
V. Royer,54,935,https://www.atptour.com/en/players/valentin-royer/r0eb/overview
M. Fucsovics,55,934,https://www.atptour.com/en/players/marton-fucsovics/f724/overview
K. Majchrzak,56,920,https://www.atptour.com/en/players/kamil-majchrzak/mq75/overview
M. Berrettini,57,910,https://www.atptour.com/en/players/matteo-berrettini/bk40/overview
G. Mpetshi Perricard,58,905,https://www.atptour.com/en/players/giovanni-mpetshi-perricard/m0gz/overview
C. Ugo Carabelli,59,880,https://www.atptour.com/en/players/camilo-ugo-carabelli/u182/overview
D. Dzumhur,60,877,https://www.atptour.com/en/players/damir-dzumhur/d923/overview
B. van de Zandschulp,61,874,https://www.atptour.com/en/players/botic-van-de-zandschulp/v812/overview
M. Giron,62,870,https://www.atptour.com/en/players/marcos-giron/gc88/overview
T. Atmane,63,858,https://www.atptour.com/en/players/terence-atmane/a0gc/overview
L. Sonego,64,850,https://www.atptour.com/en/players/lorenzo-sonego/su87/overview
V. Kopriva,65,848,https://www.atptour.com/en/players/vit-kopriva/ki82/overview
I. Buse,66,848,https://www.atptour.com/en/players/ignacio-buse/b0id/overview
E. Spizzirri,67,821,https://www.atptour.com/en/players/eliot-spizzirri/s0ja/overview
Q. Halys,68,800,https://www.atptour.com/en/players/quentin-halys/hb64/overview
R. Opelka,69,786,https://www.atptour.com/en/players/reilly-opelka/o522/overview
J. Cerundolo,70,781,https://www.atptour.com/en/players/juan-manuel-cerundolo/c0c8/overview
R. Collignon,71,777,https://www.atptour.com/en/players/raphael-collignon/c0jp/overview
E. Quinn,72,776,https://www.atptour.com/en/players/ethan-quinn/q02l/overview
H. Hurkacz,73,775,https://www.atptour.com/en/players/hubert-hurkacz/hb71/overview
A. Cazaux,74,755,https://www.atptour.com/en/players/arthur-cazaux/c0h0/overview
A. Kovacevic,75,746,https://www.atptour.com/en/players/aleksandar-kovacevic/k0az/overview
T. Tirante,76,739,https://www.atptour.com/en/players/thiago-agustin-tirante/t0a1/overview
M. Navone,77,725,https://www.atptour.com/en/players/mariano-navone/n0bs/overview
A. Muller,78,715,https://www.atptour.com/en/players/alexandre-muller/mp20/overview
E. Nava,79,710,https://www.atptour.com/en/players/emilio-nava/n0am/overview
J. Struff,80,706,https://www.atptour.com/en/players/jan-lennard-struff/sl28/overview
Y. Hanfmann,81,695,https://www.atptour.com/en/players/yannick-hanfmann/h997/overview
F. Comesana,82,694,https://www.atptour.com/en/players/francisco-comesana/c0df/overview
J. Duckworth,83,691,https://www.atptour.com/en/players/james-duckworth/d994/overview
M. Kecmanovic,84,685,https://www.atptour.com/en/players/miomir-kecmanovic/ki95/overview
R. Bautista Agut,85,685,https://www.atptour.com/en/players/roberto-bautista-agut/bd06/overview
F. Misolic,86,671,https://www.atptour.com/en/players/filip-misolic/m0jz/overview
A. Walton,87,669,https://www.atptour.com/en/players/adam-walton/w09e/overview
M. Arnaldi,88,665,https://www.atptour.com/en/players/matteo-arnaldi/a0fc/overview
J. de Jong,89,665,https://www.atptour.com/en/players/jesper-de-jong/d0c1/overview
J. Fearnley,90,662,https://www.atptour.com/en/players/jacob-fearnley/f0by/overview
A. Vukic,91,656,https://www.atptour.com/en/players/aleksandar-vukic/v832/overview
A. Shevchenko,92,656,https://www.atptour.com/en/players/alexander-shevchenko/s0h2/overview
C. Garin,93,656,https://www.atptour.com/en/players/cristian-garin/gd64/overview
A. Blockx,94,626,https://www.atptour.com/en/players/alexander-blockx/b0pg/overview
H. Gaston,95,619,https://www.atptour.com/en/players/hugo-gaston/g09o/overview
R. Burruchaga,96,617,https://www.atptour.com/en/players/roman-andres-burruchaga/b0fv/overview
C. Taberner,97,608,https://www.atptour.com/en/players/carlos-taberner/te16/overview
Z. Svajda,98,601,https://www.atptour.com/en/players/zachary-svajda/s0k7/overview
S. Wawrinka,99,599,https://www.atptour.com/en/players/stan-wawrinka/w367/overview
L. Van Assche,100,596,https://www.atptour.com/en/players/luca-van-assche/v0dz/overview
P. Martinez,101,586,https://www.atptour.com/en/players/pedro-martinez/mo44/overview
H. Medjedovic,102,565,https://www.atptour.com/en/players/hamad-medjedovic/m0jf/overview
P. Kypson,103,565,https://www.atptour.com/en/players/patrick-kypson/k0a3/overview
B. Bonzi,104,564,https://www.atptour.com/en/players/benjamin-bonzi/bm95/overview
C. O'Connell,105,561,https://www.atptour.com/en/players/christopher-o'connell/o483/overview
A. Vallejo,106,561,https://www.atptour.com/en/players/adolfo-daniel-vallejo/v0dp/overview
V. Gaubas,107,558,https://www.atptour.com/en/players/vilius-gaubas/g0fw/overview
T. Schoolkate,108,556,https://www.atptour.com/en/players/tristan-schoolkate/s0n0/overview
L. Nardi,109,554,https://www.atptour.com/en/players/luca-nardi/n0bg/overview
M. Bellucci,110,553,https://www.atptour.com/en/players/mattia-bellucci/b0gg/overview
F. Maestrelli,111,553,https://www.atptour.com/en/players/francesco-maestrelli/m0if/overview
T. Barrios Vera,112,551,https://www.atptour.com/en/players/tomas-barrios-vera/bs86/overview
J. Thompson,113,548,https://www.atptour.com/en/players/jordan-thompson/tc61/overview
R. Jodar,114,548,https://www.atptour.com/en/players/rafael-jodar/j0dz/overview
R. Hijikata,115,547,https://www.atptour.com/en/players/rinky-hijikata/h0bh/overview
D. Lajovic,116,541,https://www.atptour.com/en/players/dusan-lajovic/l987/overview
S. Mochizuki,117,538,https://www.atptour.com/en/players/shintaro-mochizuki/m0hu/overview
L. Djere,118,538,https://www.atptour.com/en/players/laslo-djere/db63/overview
M. McDonald,119,535,https://www.atptour.com/en/players/mackenzie-mcdonald/mk66/overview
D. Prizmic,120,529,https://www.atptour.com/en/players/dino-prizmic/p0hw/overview
J. Choinski,121,523,https://www.atptour.com/en/players/jan-choinski/ch12/overview
T. Droguet,122,520,https://www.atptour.com/en/players/titouan-droguet/d0dw/overview
D. Svrcina,123,519,https://www.atptour.com/en/players/dalibor-svrcina/s0gd/overview
P. Carreno Busta,124,516,https://www.atptour.com/en/players/pablo-carreno-busta/cd85/overview
C. Wong,125,515,https://www.atptour.com/en/players/coleman-wong/w0bh/overview
D. Goffin,126,515,https://www.atptour.com/en/players/david-goffin/gb88/overview
E. Moller,127,509,https://www.atptour.com/en/players/elmer-moller/m0k4/overview
M. Damm,128,492,https://www.atptour.com/en/players/martin-damm/d0dt/overview
B. Coric,129,488,https://www.atptour.com/en/players/borna-coric/cg80/overview
S. Shimabukuro,130,479,https://www.atptour.com/en/players/sho-shimabukuro/sy67/overview
O. Virtanen,131,475,https://www.atptour.com/en/players/otto-virtanen/v0am/overview
S. Ofner,132,471,https://www.atptour.com/en/players/sebastian-ofner/o513/overview
D. Sweeny,133,468,https://www.atptour.com/en/players/dane-sweeny/s0ia/overview
M. Trungelliti,134,465,https://www.atptour.com/en/players/marco-trungelliti/ta29/overview
N. Basilashvili,135,464,https://www.atptour.com/en/players/nikoloz-basilashvili/bg23/overview
J. Pinnington Jones,136,456,https://www.atptour.com/en/players/jack-pinnington-jones/p0ht/overview
A. Pellegrino,137,447,https://www.atptour.com/en/players/andrea-pellegrino/ph64/overview
C. Smith,138,446,https://www.atptour.com/en/players/colton-smith/s0ze/overview
C. Rodesch,139,446,https://www.atptour.com/en/players/chris-rodesch/r0e0/overview
B. Harris,140,437,https://www.atptour.com/en/players/billy-harris/hd68/overview
M. Echargui,141,435,https://www.atptour.com/en/players/moez-echargui/ea13/overview
Y. Wu,142,434,https://www.atptour.com/en/players/yibing-wu/wb32/overview
D. Merida,143,432,https://www.atptour.com/en/players/daniel-merida/m0n7/overview
F. Passaro,144,431,https://www.atptour.com/en/players/francesco-passaro/p0ct/overview
J. Faria,145,425,https://www.atptour.com/en/players/jaime-faria/f0f2/overview
Y. Bu,146,424,https://www.atptour.com/en/players/yunchaokete-bu/y09v/overview
L. Draxl,147,417,https://www.atptour.com/en/players/liam-draxl/d0dp/overview
C. Tseng,148,414,https://www.atptour.com/en/players/chun-hsin-tseng/t0ap/overview
M. Zheng,149,414,https://www.atptour.com/en/players/michael-zheng/z0bz/overview
K. Jacquet,150,407,https://www.atptour.com/en/players/kyrian-jacquet/j0az/overview
G. Den Ouden,151,401,https://www.atptour.com/en/players/guy-den-ouden/d0h9/overview
L. Harris,152,399,https://www.atptour.com/en/players/lloyd-harris/hg86/overview
G. Zeppieri,153,397,https://www.atptour.com/en/players/giulio-zeppieri/z0a1/overview
N. Budkov Kjaer,154,395,https://www.atptour.com/en/players/nicolai-budkov-kjaer/b0u4/overview
N. Jarry,155,391,https://www.atptour.com/en/players/nicolas-jarry/j551/overview
M. Landaluce,156,391,https://www.atptour.com/en/players/martin-landaluce/l0il/overview
R. Sakamoto,157,386,https://www.atptour.com/en/players/rei-sakamoto/s0uv/overview
L. Klein,158,386,https://www.atptour.com/en/players/lukas-klein/ki63/overview
A. Bolt,159,383,https://www.atptour.com/en/players/alex-bolt/bi81/overview
M. Lajal,160,378,https://www.atptour.com/en/players/mark-lajal/l0gh/overview
A. Gea,161,377,https://www.atptour.com/en/players/arthur-gea/g0ix/overview
L. Mikrut,162,371,https://www.atptour.com/en/players/luka-mikrut/m0n1/overview
S. Travaglia,163,370,https://www.atptour.com/en/players/stefano-travaglia/ta12/overview
R. Carballes Baena,164,368,https://www.atptour.com/en/players/roberto-carballes-baena/cf59/overview
H. Dellien,165,368,https://www.atptour.com/en/players/hugo-dellien/da31/overview
B. Holt,166,368,https://www.atptour.com/en/players/brandon-holt/h09p/overview
M. Gigante,167,367,https://www.atptour.com/en/players/matteo-gigante/g0gd/overview
U. Blanchet,168,361,https://www.atptour.com/en/players/ugo-blanchet/bv16/overview
Y. Nishioka,169,361,https://www.atptour.com/en/players/yoshihito-nishioka/n732/overview
G. Monfils,170,360,https://www.atptour.com/en/players/gael-monfils/mc65/overview
D. Glinka,171,359,https://www.atptour.com/en/players/daniil-glinka/g0by/overview
H. Rocha,172,357,https://www.atptour.com/en/players/henrique-rocha/r0go/overview
L. Riedi,173,356,https://www.atptour.com/en/players/leandro-riedi/r0fs/overview
A. Fery,174,355,https://www.atptour.com/en/players/arthur-fery/f0dm/overview
Y. Watanuki,175,349,https://www.atptour.com/en/players/yosuke-watanuki/wb08/overview
J. Rodionov,176,349,https://www.atptour.com/en/players/jurij-rodionov/r09x/overview
H. Mayot,177,347,https://www.atptour.com/en/players/harold-mayot/m0g4/overview
J. Ficovich,178,343,https://www.atptour.com/en/players/juan-pablo-ficovich/fa43/overview
J. Kym,179,342,https://www.atptour.com/en/players/jerome-kym/k0ep/overview
Z. Piros,180,341,https://www.atptour.com/en/players/zsombor-piros/p09o/overview
N. Mejia,181,341,https://www.atptour.com/en/players/nicolas-mejia/m0aw/overview
P. Herbert,182,338,https://www.atptour.com/en/players/pierre-hugues-herbert/h996/overview
A. Barrena,183,336,https://www.atptour.com/en/players/alex-barrena/b0gy/overview
J. Clarke,184,335,https://www.atptour.com/en/players/jay-clarke/ci14/overview
V. Sachko,185,333,https://www.atptour.com/en/players/vitaliy-sachko/ss25/overview
N. Basavareddy,186,331,https://www.atptour.com/en/players/nishesh-basavareddy/b0nn/overview
F. Gomez,187,331,https://www.atptour.com/en/players/federico-agustin-gomez/gj16/overview
D. Galan,188,330,https://www.atptour.com/en/players/daniel-elahi-galan/ge33/overview
R. Safiullin,189,328,https://www.atptour.com/en/players/roman-safiullin/sx50/overview
E. Ymer,190,328,https://www.atptour.com/en/players/elias-ymer/y218/overview
B. Tomic,191,323,https://www.atptour.com/en/players/bernard-tomic/ta46/overview
T. Skatov,192,316,https://www.atptour.com/en/players/timofey-skatov/s0gr/overview
J. Engel,193,315,https://www.atptour.com/en/players/justin-engel/e0dd/overview
P. Llamas Ruiz,194,314,https://www.atptour.com/en/players/pablo-llamas-ruiz/l0cx/overview
C. Tabur,195,311,https://www.atptour.com/en/players/clement-tabur/t09x/overview
B. Gojo,196,311,https://www.atptour.com/en/players/borna-gojo/gh92/overview
H. Grenier,197,310,https://www.atptour.com/en/players/hugo-grenier/gf95/overview
O. Crawford,198,310,https://www.atptour.com/en/players/oliver-crawford/c0ak/overview
Z. Kolar,199,308,https://www.atptour.com/en/players/zdenek-kolar/kh56/overview
C. Chidekh,200,307,https://www.atptour.com/en/players/clement-chidekh/c0bh/overview
A. Holmgren,201,303,https://www.atptour.com/en/players/august-holmgren/h09n/overview
A. Molcan,202,302,https://www.atptour.com/en/players/alex-molcan/mv14/overview
D. Evans,203,300,https://www.atptour.com/en/players/daniel-evans/e687/overview
D. Added,204,299,https://www.atptour.com/en/players/dan-added/a09t/overview
A. Guillen Meza,205,298,https://www.atptour.com/en/players/alvaro-guillen-meza/g0dh/overview
J. Kubler,206,295,https://www.atptour.com/en/players/jason-kubler/kb95/overview
L. Giustino,207,292,https://www.atptour.com/en/players/lorenzo-giustino/ga79/overview
J. Reis Da Silva,208,291,https://www.atptour.com/en/players/joao-lucas-reis-da-silva/r0a7/overview
L. Pavlovic,209,286,https://www.atptour.com/en/players/luka-pavlovic/p0ay/overview
G. Loffhagen,210,281,https://www.atptour.com/en/players/george-loffhagen/l0cf/overview
G. Bailly,211,280,https://www.atptour.com/en/players/gilles-arnaud-bailly/b0qc/overview
J. Prado Angelo,212,279,https://www.atptour.com/en/players/juan-carlos-prado-angelo/p0iy/overview
J. McCabe,213,276,https://www.atptour.com/en/players/james-mccabe/m0oq/overview
R. Bertola,214,276,https://www.atptour.com/en/players/remy-bertola/bu70/overview
G. Bueno,215,273,https://www.atptour.com/en/players/gonzalo-bueno/b0gr/overview
L. Midon,216,271,https://www.atptour.com/en/players/lautaro-midon/m0oh/overview
M. Cecchinato,217,270,https://www.atptour.com/en/players/marco-cecchinato/cf01/overview
R. Pacheco Mendez,218,270,https://www.atptour.com/en/players/rodrigo-pacheco-mendez/p0j1/overview
T. Boyer,219,268,https://www.atptour.com/en/players/tristan-boyer/b0ej/overview
S. Sakellaridis,220,267,https://www.atptour.com/en/players/stefanos-sakellaridis/s0kt/overview
A. Galarneau,221,265,https://www.atptour.com/en/players/alexis-galarneau/gk06/overview
T. Monteiro,222,265,https://www.atptour.com/en/players/thiago-monteiro/mj08/overview
F. Cina,223,264,https://www.atptour.com/en/players/federico-cina/c0nb/overview
T. Seyboth Wild,224,262,https://www.atptour.com/en/players/thiago-seyboth-wild/sx91/overview
Y. Zhou,225,261,https://www.atptour.com/en/players/yi-zhou/z0cq/overview
I. Simakin,226,259,https://www.atptour.com/en/players/ilia-simakin/s0o6/overview
L. Neumayer,227,255,https://www.atptour.com/en/players/lukas-neumayer/n0cs/overview
N. Fatic,228,254,https://www.atptour.com/en/players/nerman-fatic/f840/overview
M. Huesler,229,250,https://www.atptour.com/en/players/marc-andrea-huesler/hh06/overview
M. Dodig,230,249,https://www.atptour.com/en/players/matej-dodig/d0l3/overview
G. Olivieri,231,248,https://www.atptour.com/en/players/genaro-alberto-olivieri/o660/overview
Y. Hsu,232,247,https://www.atptour.com/en/players/yu-hsiou-hsu/h09f/overview
A. Collarini,233,246,https://www.atptour.com/en/players/andrea-collarini/cc66/overview
R. Peniston,234,242,https://www.atptour.com/en/players/ryan-peniston/ph78/overview
D. Popko,235,241,https://www.atptour.com/en/players/dmitry-popko/pg20/overview
S. Rodriguez Taverna,236,241,https://www.atptour.com/en/players/santiago-rodriguez-taverna/rh59/overview
A. Andrade,237,239,https://www.atptour.com/en/players/andres-andrade/ag08/overview
M. Houkes,238,237,https://www.atptour.com/en/players/max-houkes/h0cx/overview
F. Meligeni Alves,239,236,https://www.atptour.com/en/players/felipe-meligeni-alves/mw75/overview
F. Ferreira Silva,240,235,https://www.atptour.com/en/players/frederico-ferreira-silva/sn54/overview
M. Topo,241,234,https://www.atptour.com/en/players/marko-topo/t0fi/overview
J. Schwaerzler,242,234,https://www.atptour.com/en/players/joel-schwaerzler/s0wt/overview
K. Uchida,243,233,https://www.atptour.com/en/players/kaichi-uchida/u120/overview
R. Noguchi,244,232,https://www.atptour.com/en/players/rio-noguchi/n09u/overview
A. Moro Canas,245,229,https://www.atptour.com/en/players/alejandro-moro-canas/m0ht/overview
T. Samuel,246,228,https://www.atptour.com/en/players/toby-samuel/s0tm/overview
T. Gentzsch,247,227,https://www.atptour.com/en/players/tom-gentzsch/g0ib/overview
F. Jianu,248,225,https://www.atptour.com/en/players/filip-cristian-jianu/j09x/overview
H. Squire,249,223,https://www.atptour.com/en/players/henri-squire/s0ak/overview
M. Krueger,250,221,https://www.atptour.com/en/players/mitchell-krueger/kc12/overview
J. Monday,251,221,https://www.atptour.com/en/players/johannus-monday/m0on/overview
K. Coppejans,252,221,https://www.atptour.com/en/players/kimmer-coppejans/cg33/overview
I. Gakhov,253,219,https://www.atptour.com/en/players/ivan-gakhov/ge28/overview
E. Butvilas,254,217,https://www.atptour.com/en/players/edas-butvilas/b0mm/overview
M. Cassone,255,217,https://www.atptour.com/en/players/murphy-cassone/c0ht/overview
P. Martin Tiffon,256,215,https://www.atptour.com/en/players/pol-martin-tiffon/m0ea/overview
D. Michalski,257,210,https://www.atptour.com/en/players/daniel-michalski/m0e1/overview
P. Boscardin Dias,258,209,https://www.atptour.com/en/players/pedro-boscardin-dias/b0fi/overview
S. Kozlov,259,208,https://www.atptour.com/en/players/stefan-kozlov/ke64/overview
G. Heide,260,207,https://www.atptour.com/en/players/gustavo-heide/h0du/overview
C. Broom,261,206,https://www.atptour.com/en/players/charles-broom/bv21/overview
J. Shang,262,205,https://www.atptour.com/en/players/juncheng-shang/s0re/overview
Z. Zhang,263,205,https://www.atptour.com/en/players/zhizhen-zhang/z371/overview
N. Kicker,264,204,https://www.atptour.com/en/players/nicolas-kicker/kc29/overview
D. Kuzmanov,265,204,https://www.atptour.com/en/players/dimitar-kuzmanov/kc33/overview
M. Kukushkin,266,203,https://www.atptour.com/en/players/mikhail-kukushkin/k926/overview
F. Sun,267,202,https://www.atptour.com/en/players/fajing-sun/sx90/overview
S. Gueymard Wayenburg,268,202,https://www.atptour.com/en/players/sascha-gueymard-wayenburg/g0gw/overview
A. Martin,269,200,https://www.atptour.com/en/players/andres-martin/m0np/overview
T. Pereira,270,200,https://www.atptour.com/en/players/tiago-pereira/p0k4/overview
F. Agamenone,271,197,https://www.atptour.com/en/players/franco-agamenone/aa27/overview
F. Bax,272,197,https://www.atptour.com/en/players/florent-bax/b0bu/overview
D. Blanch,273,195,https://www.atptour.com/en/players/darwin-blanch/b0no/overview
S. Purtseladze,274,192,https://www.atptour.com/en/players/saba-purtseladze/p0ea/overview
N. Sanchez Izquierdo,275,192,https://www.atptour.com/en/players/nikolas-sanchez-izquierdo/s0gz/overview
H. Wendelken,276,190,https://www.atptour.com/en/players/harry-wendelken/w0ah/overview
G. Justo,277,187,https://www.atptour.com/en/players/guido-ivan-justo/j0aw/overview
F. Diaz Acosta,278,186,https://www.atptour.com/en/players/facundo-diaz-acosta/d0cg/overview
M. Dellien,279,186,https://www.atptour.com/en/players/murkel-dellien/dc48/overview
J. Varillas,280,184,https://www.atptour.com/en/players/juan-pablo-varillas/v836/overview
L. Broady,281,183,https://www.atptour.com/en/players/liam-broady/bi23/overview
K. Nishikori,282,182,https://www.atptour.com/en/players/kei-nishikori/n552/overview
Y. Uchiyama,283,182,https://www.atptour.com/en/players/yasutaka-uchiyama/u134/overview
A. Boitan,284,182,https://www.atptour.com/en/players/adrian-boitan/b0c0/overview
A. Nedic,285,181,https://www.atptour.com/en/players/andrej-nedic/n0db/overview
S. Nagal,286,181,https://www.atptour.com/en/players/sumit-nagal/n897/overview
E. Coulibaly,287,181,https://www.atptour.com/en/players/eliakim-coulibaly/c0hb/overview
P. Brunclik,288,181,https://www.atptour.com/en/players/petr-brunclik/b0ov/overview
B. Hassan,289,180,https://www.atptour.com/en/players/benjamin-hassan/hg94/overview
F. Andaloro,290,180,https://www.atptour.com/en/players/fabrizio-andaloro/a0f3/overview
L. Marmousez,291,179,https://www.atptour.com/en/players/lilian-marmousez/m0gy/overview
H. Barton,292,179,https://www.atptour.com/en/players/hynek-barton/b0ou/overview
B. Zhukayev,293,178,https://www.atptour.com/en/players/beibit-zhukayev/z09z/overview
M. Pucinelli De Almeida,294,177,https://www.atptour.com/en/players/matheus-pucinelli-de-almeida/p0df/overview
A. Rybakov,295,176,https://www.atptour.com/en/players/alex-rybakov/rg42/overview
N. Gombos,296,175,https://www.atptour.com/en/players/norbert-gombos/gb93/overview
R. Bertrand,297,175,https://www.atptour.com/en/players/robin-bertrand/b0jj/overview
P. Bar Biryukov,298,174,https://www.atptour.com/en/players/petr-bar-biryukov/b0lq/overview
M. Geerts,299,174,https://www.atptour.com/en/players/michael-geerts/gg65/overview
F. Gill,300,173,https://www.atptour.com/en/players/felix-gill/g0eu/overview
J. Berrettini,301,172,https://www.atptour.com/en/players/jacopo-berrettini/bu10/overview
D. Rincon,302,169,https://www.atptour.com/en/players/daniel-rincon/r0fp/overview
M. Damas,303,168,https://www.atptour.com/en/players/miguel-damas/d0cn/overview
G. Onclin,304,167,https://www.atptour.com/en/players/gauthier-onclin/o0a2/overview
G. Cadenasso,305,166,https://www.atptour.com/en/players/gianluca-cadenasso/c0nn/overview
K. Smith,306,164,https://www.atptour.com/en/players/keegan-smith/s0dq/overview
A. Santillan,307,164,https://www.atptour.com/en/players/akira-santillan/sq80/overview
M. Rosenkranz,308,164,https://www.atptour.com/en/players/mats-rosenkranz/rh62/overview
P. Jubb,309,163,https://www.atptour.com/en/players/paul-jubb/j0a4/overview
I. Marcondes,310,162,https://www.atptour.com/en/players/igor-marcondes/rd48/overview
D. Dedura,311,162,https://www.atptour.com/en/players/diego-dedura/d0lj/overview
M. Jones,312,159,https://www.atptour.com/en/players/maximus-jones/j0d2/overview
M. Erhard,313,159,https://www.atptour.com/en/players/mathys-erhard/e0ac/overview
C. Hemery,314,157,https://www.atptour.com/en/players/calvin-hemery/hb48/overview
R. Tokuda,315,157,https://www.atptour.com/en/players/renta-tokuda/td55/overview
M. Soto,316,157,https://www.atptour.com/en/players/matias-soto/s0ek/overview
A. Shelbayh,317,156,https://www.atptour.com/en/players/abdullah-shelbayh/s0nv/overview
S. Kopp,318,156,https://www.atptour.com/en/players/sandro-kopp/k0cj/overview
D. Dutra da Silva,319,155,https://www.atptour.com/en/players/daniel-dutra-da-silva/sg56/overview
C. Stebe,320,154,https://www.atptour.com/en/players/cedrik-marcel-stebe/sk94/overview
M. Basing,321,154,https://www.atptour.com/en/players/max-basing/b0je/overview
P. Henning,322,154,https://www.atptour.com/en/players/philip-henning/h0bf/overview
M. Mrva,323,154,https://www.atptour.com/en/players/maxim-mrva/m0se/overview
G. Blancaneaux,324,153,https://www.atptour.com/en/players/geoffrey-blancaneaux/bu54/overview
G. Johns,325,153,https://www.atptour.com/en/players/garrett-johns/j0b5/overview
S. Fomin,326,151,https://www.atptour.com/en/players/sergey-fomin/f0a3/overview
O. Tarvet,327,150,https://www.atptour.com/en/players/oliver-tarvet/t0gr/overview
T. Zink,328,150,https://www.atptour.com/en/players/tyler-zink/z0ak/overview
A. Martin,329,148,https://www.atptour.com/en/players/andrej-martin/mf35/overview
T. Paris,330,148,https://www.atptour.com/en/players/tom-paris/p0gn/overview
F. Roncadelli,331,146,https://www.atptour.com/en/players/franco-roncadelli/r0bt/overview
J. Trotter,332,145,https://www.atptour.com/en/players/james-trotter/t0bw/overview
F. Mena,333,145,https://www.atptour.com/en/players/facundo-mena/mj98/overview
G. Hussey,334,145,https://www.atptour.com/en/players/giles-hussey/h0dc/overview
H. Habib,335,143,https://www.atptour.com/en/players/hady-habib/hf80/overview
S. Cuenin,336,143,https://www.atptour.com/en/players/sean-cuenin/c0jx/overview
S. Kwon,337,142,https://www.atptour.com/en/players/soonwoo-kwon/kf17/overview
J. Sels,338,142,https://www.atptour.com/en/players/jelle-sels/so20/overview
G. Villanueva,339,141,https://www.atptour.com/en/players/gonzalo-villanueva/v821/overview
A. Ghibaudo,340,140,https://www.atptour.com/en/players/antoine-ghibaudo/g0iw/overview
P. Zahraj,341,140,https://www.atptour.com/en/players/patrick-zahraj/z09f/overview
M. Krumich,342,140,https://www.atptour.com/en/players/martin-krumich/k0fy/overview
C. Sanchez Jover,343,140,https://www.atptour.com/en/players/carlos-sanchez-jover/s0cg/overview
F. Broska,344,139,https://www.atptour.com/en/players/florian-broska/b0c5/overview
J. La Serna,345,139,https://www.atptour.com/en/players/juan-manuel-la-serna/l0gr/overview
D. Ajdukovic,346,139,https://www.atptour.com/en/players/duje-ajdukovic/a0cj/overview
S. Shin,347,138,https://www.atptour.com/en/players/sanhui-shin/s09p/overview
J. Torres,348,138,https://www.atptour.com/en/players/juan-bautista-torres/t0dm/overview
M. Sharipov,349,137,https://www.atptour.com/en/players/marat-sharipov/s0mn/overview
M. Martineau,350,137,https://www.atptour.com/en/players/matteo-martineau/mw76/overview
O. Prihodko,351,136,https://www.atptour.com/en/players/oleg-prihodko/pl64/overview
S. Dostanic,352,135,https://www.atptour.com/en/players/stefan-dostanic/d0d4/overview
M. Mmoh,353,134,https://www.atptour.com/en/players/michael-mmoh/mp01/overview
A. Soriano Barrera,354,134,https://www.atptour.com/en/players/adria-soriano-barrera/s0bt/overview
G. Piraino,355,132,https://www.atptour.com/en/players/gabriele-piraino/p0i6/overview
I. Xilas,356,132,https://www.atptour.com/en/players/ioannis-xilas/x01c/overview
R. Brancaccio,357,132,https://www.atptour.com/en/players/raul-brancaccio/bv24/overview
T. Svajda,358,131,https://www.atptour.com/en/players/trevor-svajda/s0vm/overview
M. Kasnikowski,359,131,https://www.atptour.com/en/players/maks-kasnikowski/k0hc/overview
J. Forejtek,360,131,https://www.atptour.com/en/players/jonas-forejtek/f0bt/overview
A. Ilagan,361,130,https://www.atptour.com/en/players/andre-ilagan/i0b0/overview
D. Yevseyev,362,130,https://www.atptour.com/en/players/denis-yevseyev/y171/overview
P. Kotov,363,129,https://www.atptour.com/en/players/pavel-kotov/k09f/overview
H. Stewart,364,129,https://www.atptour.com/en/players/hamish-stewart/s0ex/overview
V. Bielinskyi,365,128,https://www.atptour.com/en/players/viacheslav-bielinskyi/b0ll/overview
M. Polmans,366,128,https://www.atptour.com/en/players/marc-polmans/pg94/overview
H. Matsuoka,367,128,https://www.atptour.com/en/players/hayato-matsuoka/m0sc/overview
R. Perot,368,127,https://www.atptour.com/en/players/raphael-perot/p0mg/overview
Y. Shimizu,369,127,https://www.atptour.com/en/players/yuta-shimizu/s0aq/overview
T. Wu,370,127,https://www.atptour.com/en/players/tung-lin-wu/w857/overview
C. Negritu,371,127,https://www.atptour.com/en/players/christoph-negritu/n731/overview
L. Tu,372,126,https://www.atptour.com/en/players/li-tu/tc01/overview
D. Stricker,373,126,https://www.atptour.com/en/players/dominic-stricker/s0la/overview
J. Barranco Cosano,374,126,https://www.atptour.com/en/players/javier-barranco-cosano/bv25/overview
R. Gasquet,375,125,https://www.atptour.com/en/players/richard-gasquet/g628/overview
I. Montes-De La Torre,376,125,https://www.atptour.com/en/players/inaki-montes-de-la-torre/m0nl/overview
O. Jasika,377,125,https://www.atptour.com/en/players/omar-jasika/j553/overview
F. Coria,378,124,https://www.atptour.com/en/players/federico-coria/ce77/overview
P. Sakamoto,379,124,https://www.atptour.com/en/players/pedro-sakamoto/sl94/overview
H. Chung,380,124,https://www.atptour.com/en/players/hyeon-chung/ch27/overview
M. Alkaya,381,124,https://www.atptour.com/en/players/mert-alkaya/a09q/overview
D. Milavsky,382,124,https://www.atptour.com/en/players/daniel-milavsky/m0rg/overview
M. Alcala Gurri,383,124,https://www.atptour.com/en/players/max-alcala-gurri/a0ea/overview
D. Jorda Sanchis,384,124,https://www.atptour.com/en/players/david-jorda-sanchis/j476/overview
Y. Erel,385,122,https://www.atptour.com/en/players/yanki-erel/e0aa/overview
M. Poljicak,386,122,https://www.atptour.com/en/players/mili-poljicak/p0gq/overview
D. Martin,387,121,https://www.atptour.com/en/players/dan--martin/m0c2/overview
F. Bagnis,388,120,https://www.atptour.com/en/players/facundo-bagnis/bf23/overview
C. Eubanks,389,120,https://www.atptour.com/en/players/christopher-eubanks/e865/overview
A. Gray,390,120,https://www.atptour.com/en/players/alastair-gray/g0ao/overview
C. Caniato,391,120,https://www.atptour.com/en/players/carlo-alberto-caniato/c0lk/overview
F. Arnaboldi,392,120,https://www.atptour.com/en/players/federico-arnaboldi/a0ba/overview
K. Samrej,393,120,https://www.atptour.com/en/players/kasidit-samrej/s0hr/overview
C. Denolly,394,119,https://www.atptour.com/en/players/corentin-denolly/df92/overview
A. Ramos-Vinolas,395,118,https://www.atptour.com/en/players/albert-ramos-vinolas/r772/overview
A. Dougaz,396,118,https://www.atptour.com/en/players/aziz-dougaz/df88/overview
M. Kouame,397,118,https://www.atptour.com/en/players/moise-kouame/k0o4/overview
H. Casanova,398,118,https://www.atptour.com/en/players/hernan-casanova/cg07/overview
C. Cretu,399,118,https://www.atptour.com/en/players/cezar-cretu/c0b2/overview
A. Perez,400,118,https://www.atptour.com/en/players/alfredo-perez/pl39/overview
